{"brushName":"New Brush","spacing":0.29166666666666674,"program":{"libName":"","dependencies":[],"types":[{"typeName":"EventGraph","refType":true,"fields":{"cntr":"Num|Int"},"staticFields":{},"methods":[{"methodName":"OnLoad","static":true,"const":false,"args":{},"returns":{},"entry":{"tag":"CodeEntryNode","position_x":50.0,"position_y":50.0},"body":[{"tag":"CodeReturnNode","position_x":450.0,"position_y":50.0}],"links":[{"from":0,"fromSlot":0,"to":1,"toSlot":0}]},{"methodName":"OnPaintBegin","static":false,"const":false,"args":{"Position":"Vec|Vec2","Color":"Vec|Vec4"},"returns":{},"entry":{"tag":"CodeEntryNode","position_x":50.0,"position_y":50.0},"body":[{"tag":"CodeReturnNode","position_x":646.0,"position_y":88.0},{"tag":"CodeFieldSetterNode","position_x":354.0,"position_y":129.0,"data":{"static":false,"target":"|EventGraph","name":"cntr"}},{"tag":"CodeThisGetterNode","position_x":87.0,"position_y":190.0},{"tag":"ConstIntNode","position_x":88.0,"position_y":264.0,"data":0}],"links":[{"from":0,"fromSlot":0,"to":2,"toSlot":0},{"from":2,"fromSlot":0,"to":1,"toSlot":0},{"from":3,"fromSlot":0,"to":2,"toSlot":1},{"from":4,"fromSlot":0,"to":2,"toSlot":2}]},{"methodName":"OnPaintEnd","static":false,"const":false,"args":{},"returns":{},"entry":{"tag":"CodeEntryNode","position_x":50.0,"position_y":50.0},"body":[{"tag":"CodeReturnNode","position_x":450.0,"position_y":50.0}],"links":[{"from":0,"fromSlot":0,"to":1,"toSlot":0}]},{"methodName":"OnPaintUpdate","static":false,"const":false,"args":{"Pipeline":"RenderPipeline|PipelineBuilder","Background":"RenderPipeline|TexEntry","Color":"Vec|Vec4","Brush Opacity":"Num|Float","Size":"Vec|Vec2","Position":"Vec|Vec2","Speed":"Vec|Vec2","Tilt":"Vec|Vec2","Pressure":"Num|Float"},"returns":{"Pipeline Output":"RenderPipeline|TexEntry"},"entry":{"tag":"CodeEntryNode","position_x":-28.0,"position_y":156.0},"body":[{"tag":"CodeReturnNode","position_x":1352.0,"position_y":183.0},{"tag":"GNBrushPipelineAddStage","position_x":755.0,"position_y":154.0,"data":"MainShaderLib|rainbow"},{"tag":"CodeThisGetterNode","position_x":3.0,"position_y":489.0},{"tag":"CodeFieldGetterNode","position_x":242.0,"position_y":487.0,"data":{"static":false,"target":"|EventGraph","name":"cntr"}},{"tag":"CodeInvokeNode","position_x":490.0,"position_y":507.0,"data":"Num|Int|greater_than"},{"tag":"ConstIntNode","position_x":237.0,"position_y":547.0,"data":0},{"tag":"CodeIfNode","position_x":402.0,"position_y":293.0},{"tag":"GNBrushPipelineAddStage","position_x":753.0,"position_y":441.0,"data":"MainShaderLib|colorblock"},{"tag":"CodeThisGetterNode","position_x":742.0,"position_y":319.0},{"tag":"CodeFieldSetterNode","position_x":1070.0,"position_y":181.0,"data":{"static":false,"target":"|EventGraph","name":"cntr"}},{"tag":"CodeFieldSetterNode","position_x":1055.0,"position_y":469.0,"data":{"static":false,"target":"|EventGraph","name":"cntr"}},{"tag":"CodeReturnNode","position_x":1326.0,"position_y":469.0},{"tag":"ConstIntNode","position_x":1062.0,"position_y":279.0,"data":0},{"tag":"ConstIntNode","position_x":1058.0,"position_y":568.0,"data":1}],"links":[{"from":0,"fromSlot":0,"to":7,"toSlot":0},{"from":0,"fromSlot":1,"to":2,"toSlot":1},{"from":0,"fromSlot":1,"to":8,"toSlot":1},{"from":0,"fromSlot":5,"to":2,"toSlot":2},{"from":0,"fromSlot":5,"to":8,"toSlot":2},{"from":2,"fromSlot":0,"to":10,"toSlot":0},{"from":2,"fromSlot":1,"to":1,"toSlot":1},{"from":3,"fromSlot":0,"to":4,"toSlot":0},{"from":4,"fromSlot":0,"to":5,"toSlot":0},{"from":5,"fromSlot":0,"to":7,"toSlot":1},{"from":6,"fromSlot":0,"to":5,"toSlot":1},{"from":7,"fromSlot":0,"to":2,"toSlot":0},{"from":7,"fromSlot":1,"to":8,"toSlot":0},{"from":8,"fromSlot":0,"to":11,"toSlot":0},{"from":8,"fromSlot":1,"to":12,"toSlot":1},{"from":9,"fromSlot":0,"to":10,"toSlot":1},{"from":9,"fromSlot":0,"to":11,"toSlot":1},{"from":10,"fromSlot":0,"to":1,"toSlot":0},{"from":11,"fromSlot":0,"to":12,"toSlot":0},{"from":13,"fromSlot":0,"to":10,"toSlot":2},{"from":14,"fromSlot":0,"to":11,"toSlot":2}]}]}]},"shader":{"libName":"MainShaderLib","functions":[{"functionName":"rainbow","args":{"texSize":"float2"},"returnType":"float4","entry":{"tag":"ShaderRetNode","position_x":827.0,"position_y":265.0},"body":[{"tag":"ShaderFragCoordNode","position_x":-232.0,"position_y":140.0},{"tag":"ShaderArgGetNode","position_x":-228.0,"position_y":276.0,"data":"texSize"},{"tag":"ElementGetter","position_x":17.0,"position_y":159.0,"data":"float4|x"},{"tag":"ElementGetter","position_x":49.0,"position_y":372.0,"data":"float4|y"},{"tag":"ElementGetter","position_x":24.0,"position_y":229.0,"data":"float2|x"},{"tag":"ElementGetter","position_x":58.0,"position_y":453.0,"data":"float2|y"},{"tag":"ShaderBuiltinBinOp","position_x":286.0,"position_y":192.0,"data":"Divide|/|{\"genType\":\"float\"}"},{"tag":"ShaderBuiltinBinOp","position_x":296.0,"position_y":380.0,"data":"Divide|/|{\"genType\":\"float\"}"},{"tag":"ShaderBuiltinFn","position_x":667.0,"position_y":291.0,"data":"float4 float4(float x, float y, float z, float w)|{}"},{"tag":"ShaderConstFloatNode","position_x":425.0,"position_y":497.0,"data":0.0},{"tag":"ShaderConstFloatNode","position_x":434.0,"position_y":582.0,"data":1.0}],"links":[{"from":1,"fromSlot":0,"to":3,"toSlot":0},{"from":1,"fromSlot":0,"to":4,"toSlot":0},{"from":2,"fromSlot":0,"to":5,"toSlot":0},{"from":2,"fromSlot":0,"to":6,"toSlot":0},{"from":3,"fromSlot":0,"to":7,"toSlot":0},{"from":4,"fromSlot":0,"to":8,"toSlot":0},{"from":5,"fromSlot":0,"to":7,"toSlot":1},{"from":6,"fromSlot":0,"to":8,"toSlot":1},{"from":7,"fromSlot":0,"to":9,"toSlot":0},{"from":8,"fromSlot":0,"to":9,"toSlot":1},{"from":9,"fromSlot":0,"to":0,"toSlot":0},{"from":10,"fromSlot":0,"to":9,"toSlot":2},{"from":11,"fromSlot":0,"to":9,"toSlot":3}]},{"functionName":"colorblock","args":{"texSize":"float2"},"returnType":"float4","entry":{"tag":"ShaderRetNode","position_x":954.0,"position_y":179.0},"body":[{"tag":"ShaderFragCoordNode","position_x":-30.0,"position_y":127.0},{"tag":"ElementGetter","position_x":206.0,"position_y":138.0,"data":"float4|x"},{"tag":"ElementGetter","position_x":201.0,"position_y":294.0,"data":"float4|y"},{"tag":"ShaderBuiltinFn","position_x":722.0,"position_y":167.0,"data":"float4 float4(float x, float y, float z, float w)|{}"},{"tag":"ShaderBuiltinFn","position_x":447.0,"position_y":151.0,"data":"@genType step (@genType gate, @genType x)|{\"genType\":\"float\"}"},{"tag":"ShaderBuiltinFn","position_x":449.0,"position_y":307.0,"data":"@genType step (@genType gate, @genType x)|{\"genType\":\"float\"}"},{"tag":"ShaderArgGetNode","position_x":-35.0,"position_y":415.0,"data":"texSize"},{"tag":"ShaderBuiltinBinOp","position_x":230.0,"position_y":491.0,"data":"Divide|/|{\"genType\":\"float2\"}"},{"tag":"ShaderConstFloatNode","position_x":-38.0,"position_y":533.0,"data":2.0},{"tag":"ElementGetter","position_x":204.0,"position_y":204.0,"data":"float2|x"},{"tag":"ElementGetter","position_x":202.0,"position_y":355.0,"data":"float2|y"},{"tag":"ShaderConstFloatNode","position_x":728.0,"position_y":280.0,"data":0.0},{"tag":"ShaderConstFloatNode","position_x":787.0,"position_y":393.0,"data":1.0}],"links":[{"from":1,"fromSlot":0,"to":2,"toSlot":0},{"from":1,"fromSlot":0,"to":3,"toSlot":0},{"from":2,"fromSlot":0,"to":5,"toSlot":0},{"from":3,"fromSlot":0,"to":6,"toSlot":0},{"from":4,"fromSlot":0,"to":0,"toSlot":0},{"from":5,"fromSlot":0,"to":4,"toSlot":0},{"from":6,"fromSlot":0,"to":4,"toSlot":1},{"from":7,"fromSlot":0,"to":8,"toSlot":0},{"from":8,"fromSlot":0,"to":10,"toSlot":0},{"from":8,"fromSlot":0,"to":11,"toSlot":0},{"from":9,"fromSlot":0,"to":8,"toSlot":1},{"from":10,"fromSlot":0,"to":5,"toSlot":1},{"from":11,"fromSlot":0,"to":6,"toSlot":1},{"from":12,"fromSlot":0,"to":4,"toSlot":2},{"from":13,"fromSlot":0,"to":4,"toSlot":3}]}]}}