{"brushName":"Default Round","spacing":0.23611111111111105,"program":{"libName":"","dependencies":[],"types":[{"typeName":"EventGraph","refType":true,"fields":{},"staticFields":{},"methods":[{"methodName":"OnLoad","static":true,"const":false,"args":{},"returns":{},"entry":{"tag":"CodeEntryNode","position_x":50.0,"position_y":50.0},"body":[{"tag":"CodeReturnNode","position_x":450.0,"position_y":50.0}],"links":[{"from":0,"fromSlot":0,"to":1,"toSlot":0}]},{"methodName":"OnPaintBegin","static":false,"const":false,"args":{"Position":"Vec|Vec2","Color":"Vec|Vec4"},"returns":{},"entry":{"tag":"CodeEntryNode","position_x":50.0,"position_y":50.0},"body":[{"tag":"CodeReturnNode","position_x":450.0,"position_y":50.0}],"links":[{"from":0,"fromSlot":0,"to":1,"toSlot":0}]},{"methodName":"OnPaintEnd","static":false,"const":false,"args":{},"returns":{},"entry":{"tag":"CodeEntryNode","position_x":50.0,"position_y":50.0},"body":[{"tag":"CodeReturnNode","position_x":450.0,"position_y":50.0}],"links":[{"from":0,"fromSlot":0,"to":1,"toSlot":0}]},{"methodName":"OnPaintUpdate","static":false,"const":false,"args":{"Pipeline":"RenderPipeline|PipelineBuilder","Background":"RenderPipeline|TexEntry","Color":"Vec|Vec4","Brush Opacity":"Num|Float","Size":"Vec|Vec2","Position":"Vec|Vec2","Speed":"Vec|Vec2","Tilt":"Vec|Vec2","Pressure":"Num|Float"},"returns":{"Pipeline Output":"RenderPipeline|TexEntry"},"entry":{"tag":"CodeEntryNode","position_x":-467.0,"position_y":82.0},"body":[{"tag":"CodeReturnNode","position_x":1180.0,"position_y":67.0},{"tag":"GNBrushPipelineAddStage","position_x":530.0,"position_y":149.0,"data":"MainShaderLib|Mask"},{"tag":"GNBrushPipelineAddStage","position_x":876.0,"position_y":7.0,"data":"MainShaderLib|AlphaComposit"},{"tag":"CodeFieldGetterNode","position_x":-164.0,"position_y":508.0,"data":{"static":false,"target":"Vec|Vec4","name":"w"}},{"tag":"CodeInvokeNode","position_x":-158.0,"position_y":432.0,"data":"Num|Float|mul"},{"tag":"ConstructNode","position_x":480.0,"position_y":360.0,"data":"Vec|Vec4"},{"tag":"CodeFieldGetterNode","position_x":-152.0,"position_y":223.0,"data":{"static":false,"target":"Vec|Vec4","name":"x"}},{"tag":"CodeFieldGetterNode","position_x":-148.0,"position_y":292.0,"data":{"static":false,"target":"Vec|Vec4","name":"y"}},{"tag":"CodeFieldGetterNode","position_x":-150.0,"position_y":362.0,"data":{"static":false,"target":"Vec|Vec4","name":"z"}},{"tag":"CodeInvokeNode","position_x":139.0,"position_y":311.0,"data":"Num|Float|mul"},{"tag":"CodeInvokeNode","position_x":140.0,"position_y":234.0,"data":"Num|Float|mul"},{"tag":"CodeInvokeNode","position_x":138.0,"position_y":388.0,"data":"Num|Float|mul"}],"links":[{"from":0,"fromSlot":0,"to":2,"toSlot":0},{"from":0,"fromSlot":1,"to":2,"toSlot":1},{"from":0,"fromSlot":1,"to":3,"toSlot":1},{"from":0,"fromSlot":2,"to":3,"toSlot":3},{"from":0,"fromSlot":3,"to":4,"toSlot":0},{"from":0,"fromSlot":3,"to":7,"toSlot":0},{"from":0,"fromSlot":3,"to":8,"toSlot":0},{"from":0,"fromSlot":3,"to":9,"toSlot":0},{"from":0,"fromSlot":4,"to":5,"toSlot":0},{"from":0,"fromSlot":5,"to":2,"toSlot":2},{"from":2,"fromSlot":0,"to":3,"toSlot":0},{"from":2,"fromSlot":1,"to":3,"toSlot":2},{"from":3,"fromSlot":0,"to":1,"toSlot":0},{"from":3,"fromSlot":1,"to":1,"toSlot":1},{"from":4,"fromSlot":0,"to":5,"toSlot":1},{"from":5,"fromSlot":0,"to":6,"toSlot":3},{"from":5,"fromSlot":0,"to":11,"toSlot":1},{"from":5,"fromSlot":0,"to":10,"toSlot":1},{"from":5,"fromSlot":0,"to":12,"toSlot":1},{"from":6,"fromSlot":0,"to":2,"toSlot":3},{"from":7,"fromSlot":0,"to":11,"toSlot":0},{"from":8,"fromSlot":0,"to":10,"toSlot":0},{"from":9,"fromSlot":0,"to":12,"toSlot":0},{"from":10,"fromSlot":0,"to":6,"toSlot":1},{"from":11,"fromSlot":0,"to":6,"toSlot":0},{"from":12,"fromSlot":0,"to":6,"toSlot":2}]}]}]},"shader":{"libName":"MainShaderLib","functions":[{"functionName":"Mask","args":{"size":"float2","color":"float4"},"returnType":"float4","entry":{"tag":"ShaderRetNode","position_x":653.0,"position_y":289.0},"body":[{"tag":"ShaderFragCoordNode","position_x":-2074.0,"position_y":107.0},{"tag":"ShaderArgGetNode","position_x":-2072.0,"position_y":224.0,"data":"size"},{"tag":"ElementGetter","position_x":-1813.0,"position_y":102.0,"data":"float4|x"},{"tag":"ElementGetter","position_x":-1809.0,"position_y":276.0,"data":"float4|y"},{"tag":"ElementGetter","position_x":-1812.0,"position_y":160.0,"data":"float2|x"},{"tag":"ElementGetter","position_x":-1807.0,"position_y":336.0,"data":"float2|y"},{"tag":"ShaderBuiltinBinOp","position_x":-1562.0,"position_y":121.0,"data":"Divide|/|{\"genType\":\"float\"}"},{"tag":"ShaderBuiltinBinOp","position_x":-1563.0,"position_y":295.0,"data":"Divide|/|{\"genType\":\"float\"}"},{"tag":"ShaderBuiltinFn","position_x":-1316.0,"position_y":202.0,"data":"float2 float2(float x, float y)|{}"},{"tag":"ShaderBuiltinFn","position_x":-1325.0,"position_y":469.0,"data":"float2 float2(float x, float y)|{}"},{"tag":"ShaderConstFloatNode","position_x":-1602.0,"position_y":477.0,"data":0.5},{"tag":"ShaderBuiltinBinOp","position_x":-1071.0,"position_y":330.0,"data":"Subtract|-|{\"genType\":\"float2\"}"},{"tag":"ShaderBuiltinFn","position_x":-833.0,"position_y":312.0,"data":"float length(@genType x)|{\"genType\":\"float2\"}"},{"tag":"ShaderBuiltinBinOp","position_x":-595.0,"position_y":326.0,"data":"Multiply|*|{\"genType\":\"float\"}"},{"tag":"ShaderConstFloatNode","position_x":-835.0,"position_y":383.0,"data":2.0},{"tag":"ShaderConstFloatNode","position_x":-342.0,"position_y":230.0,"data":1.0},{"tag":"ShaderConstFloatNode","position_x":-97.0,"position_y":391.0,"data":0.0},{"tag":"ShaderBuiltinBinOp","position_x":-342.0,"position_y":340.0,"data":"Multiply|*|{\"genType\":\"float\"}"},{"tag":"ShaderBuiltinBinOp","position_x":-92.0,"position_y":295.0,"data":"Subtract|-|{\"genType\":\"float\"}"},{"tag":"ShaderBuiltinFn","position_x":166.0,"position_y":326.0,"data":"@genType max(@genType a, @genType b)|{\"genType\":\"float\"}"},{"tag":"ShaderArgGetNode","position_x":167.0,"position_y":226.0,"data":"color"},{"tag":"ShaderBuiltinBinOp","position_x":421.0,"position_y":289.0,"data":"Multiply|*|{\"genType\":\"float4\"}"}],"links":[{"from":1,"fromSlot":0,"to":3,"toSlot":0},{"from":1,"fromSlot":0,"to":4,"toSlot":0},{"from":2,"fromSlot":0,"to":5,"toSlot":0},{"from":2,"fromSlot":0,"to":6,"toSlot":0},{"from":3,"fromSlot":0,"to":7,"toSlot":0},{"from":4,"fromSlot":0,"to":8,"toSlot":0},{"from":5,"fromSlot":0,"to":7,"toSlot":1},{"from":6,"fromSlot":0,"to":8,"toSlot":1},{"from":7,"fromSlot":0,"to":9,"toSlot":0},{"from":8,"fromSlot":0,"to":9,"toSlot":1},{"from":9,"fromSlot":0,"to":12,"toSlot":0},{"from":10,"fromSlot":0,"to":12,"toSlot":1},{"from":11,"fromSlot":0,"to":10,"toSlot":0},{"from":11,"fromSlot":0,"to":10,"toSlot":1},{"from":12,"fromSlot":0,"to":13,"toSlot":0},{"from":13,"fromSlot":0,"to":14,"toSlot":0},{"from":14,"fromSlot":0,"to":18,"toSlot":0},{"from":14,"fromSlot":0,"to":18,"toSlot":1},{"from":15,"fromSlot":0,"to":14,"toSlot":1},{"from":16,"fromSlot":0,"to":19,"toSlot":0},{"from":17,"fromSlot":0,"to":20,"toSlot":1},{"from":18,"fromSlot":0,"to":19,"toSlot":1},{"from":19,"fromSlot":0,"to":20,"toSlot":0},{"from":20,"fromSlot":0,"to":22,"toSlot":1},{"from":21,"fromSlot":0,"to":22,"toSlot":0},{"from":22,"fromSlot":0,"to":0,"toSlot":0}]},{"functionName":"AlphaComposit","args":{"top":"shader","bottom":"shader"},"returnType":"float4","entry":{"tag":"ShaderRetNode","position_x":1142.0,"position_y":417.0},"body":[{"tag":"ShaderFragCoordNode","position_x":-904.0,"position_y":241.0},{"tag":"ShaderArgGetNode","position_x":-406.0,"position_y":30.0,"data":"top"},{"tag":"ShaderBuiltinFn","position_x":-137.0,"position_y":50.0,"data":"float4 sample(shader tex, float2 pos)|{}"},{"tag":"ElementGetter","position_x":-662.0,"position_y":207.0,"data":"float4|x"},{"tag":"ElementGetter","position_x":-659.0,"position_y":285.0,"data":"float4|y"},{"tag":"ShaderBuiltinFn","position_x":-414.0,"position_y":247.0,"data":"float2 float2(float x, float y)|{}"},{"tag":"ShaderArgGetNode","position_x":-415.0,"position_y":452.0,"data":"bottom"},{"tag":"ShaderBuiltinFn","position_x":-120.0,"position_y":415.0,"data":"float4 sample(shader tex, float2 pos)|{}"},{"tag":"ElementGetter","position_x":-124.0,"position_y":262.0,"data":"float4|w"},{"tag":"ShaderBuiltinBinOp","position_x":607.0,"position_y":88.0,"data":"Add|+|{\"genType\":\"float4\"}"},{"tag":"ShaderBuiltinBinOp","position_x":375.0,"position_y":171.0,"data":"Multiply|*|{\"genType\":\"float4\"}"},{"tag":"ShaderConstFloatNode","position_x":-126.0,"position_y":182.0,"data":1.0},{"tag":"ElementGetter","position_x":119.0,"position_y":465.0,"data":"float4|w"},{"tag":"ElementGetter","position_x":856.0,"position_y":139.0,"data":"float4|x"},{"tag":"ElementGetter","position_x":856.0,"position_y":207.0,"data":"float4|y"},{"tag":"ElementGetter","position_x":856.0,"position_y":276.0,"data":"float4|z"},{"tag":"ShaderBuiltinFn","position_x":1105.0,"position_y":243.0,"data":"float4 float4(float x, float y, float z, float w)|{}"},{"tag":"ShaderBuiltinBinOp","position_x":730.0,"position_y":374.0,"data":"Add|+|{\"genType\":\"float\"}"},{"tag":"ShaderBuiltinBinOp","position_x":148.0,"position_y":197.0,"data":"Subtract|-|{\"genType\":\"float\"}"},{"tag":"ShaderBuiltinBinOp","position_x":411.0,"position_y":412.0,"data":"Multiply|*|{\"genType\":\"float\"}"}],"links":[{"from":1,"fromSlot":0,"to":4,"toSlot":0},{"from":1,"fromSlot":0,"to":5,"toSlot":0},{"from":2,"fromSlot":0,"to":3,"toSlot":0},{"from":3,"fromSlot":0,"to":9,"toSlot":0},{"from":3,"fromSlot":0,"to":10,"toSlot":0},{"from":4,"fromSlot":0,"to":6,"toSlot":0},{"from":5,"fromSlot":0,"to":6,"toSlot":1},{"from":6,"fromSlot":0,"to":3,"toSlot":1},{"from":6,"fromSlot":0,"to":8,"toSlot":1},{"from":7,"fromSlot":0,"to":8,"toSlot":0},{"from":8,"fromSlot":0,"to":11,"toSlot":1},{"from":8,"fromSlot":0,"to":13,"toSlot":0},{"from":9,"fromSlot":0,"to":18,"toSlot":0},{"from":9,"fromSlot":0,"to":19,"toSlot":1},{"from":10,"fromSlot":0,"to":14,"toSlot":0},{"from":10,"fromSlot":0,"to":15,"toSlot":0},{"from":10,"fromSlot":0,"to":16,"toSlot":0},{"from":11,"fromSlot":0,"to":10,"toSlot":1},{"from":12,"fromSlot":0,"to":19,"toSlot":0},{"from":13,"fromSlot":0,"to":20,"toSlot":1},{"from":14,"fromSlot":0,"to":17,"toSlot":0},{"from":15,"fromSlot":0,"to":17,"toSlot":1},{"from":16,"fromSlot":0,"to":17,"toSlot":2},{"from":17,"fromSlot":0,"to":0,"toSlot":0},{"from":18,"fromSlot":0,"to":17,"toSlot":3},{"from":19,"fromSlot":0,"to":11,"toSlot":0},{"from":19,"fromSlot":0,"to":20,"toSlot":0},{"from":20,"fromSlot":0,"to":18,"toSlot":1}]}]}}